"","text","favorited","favoriteCount","replyToSN","created","truncated","replyToSID","id","replyToUID","statusSource","screenName","retweetCount","isRetweet","retweeted","longitude","latitude"
"1","বরফের হোগায় বাঁশ ঢুকায় নাম রাখছে ""আইসক্রিম""!
জনগণের হোগায় বাঁশ ঢুকায় নাম রাখছে ""গণতন্ত্র""!
:
#FreeKhaleda… https://t.co/jwUGhW3QUv",FALSE,1,"jafor_the_great",2018-03-09 13:19:40,TRUE,"972099577217130496","972099601149739008","871379009187139584","<a href=""http://twitter.com/download/android"" rel=""nofollow"">Twitter for Android</a>","jafor_the_great",0,FALSE,FALSE,NA,NA
"2","RT @appelmahmud7: I am Appel, demand immediate release of BNP Chairperson and former PM DeshNetri Begum Khaleda Zia. @BegumZiaBd

#FreeKhal…",FALSE,0,NA,2018-03-09 11:48:23,FALSE,NA,"972076630184157185",NA,"<a href=""http://twitter.com"" rel=""nofollow"">Twitter Web Client</a>","OnimMahamood",27,TRUE,FALSE,NA,NA
"3","@bnpbangladesh #FreeKhaleda
#FreeKhaledaZia",FALSE,2,"bnpbangladesh",2018-03-08 20:38:20,FALSE,"971682502053052416","971847607231307776","220758622","<a href=""http://twitter.com/download/android"" rel=""nofollow"">Twitter for Android</a>","jafor_the_great",0,FALSE,FALSE,NA,NA
"4","RT @Abdullahramu: #Bangladesh wants @BegumZiaBd free but #AwamiLeague does not.We demand her unconditional release.
@BBCWorld @CNN @Reuters…",FALSE,0,NA,2018-03-08 17:31:50,FALSE,NA,"971800672130617345",NA,"<a href=""http://twitter.com/download/android"" rel=""nofollow"">Twitter for Android</a>","MDZakirHowlade1",12,TRUE,FALSE,NA,NA
"5","RT @MJ_Riya: I am Riya, demand immediate release of BNP Chairperson and former PM DeshNetri Begum Khaleda Zia. (@BegumZiaBd) 

#FreeKhaleda…",FALSE,0,NA,2018-03-08 03:48:22,FALSE,NA,"971593441539837954",NA,"<a href=""http://twitter.com/download/android"" rel=""nofollow"">Twitter for Android</a>","MdAlami29457704",30,TRUE,FALSE,NA,NA
"6","RT @MJ_Riya: I am Riya, demand immediate release of BNP Chairperson and former PM DeshNetri Begum Khaleda Zia. (@BegumZiaBd) 

#FreeKhaleda…",FALSE,0,NA,2018-03-08 03:43:07,FALSE,NA,"971592121344868353",NA,"<a href=""http://twitter.com/download/android"" rel=""nofollow"">Twitter for Android</a>","haidersuman",30,TRUE,FALSE,NA,NA
"7","RT @MJ_Riya: I am @mjriya3, demand immediate release of BNP Chairperson and former PM DeshNetri Begum Khaleda Zia. (@BegumZiaBd) 

#FreeKha…",FALSE,0,NA,2018-03-08 03:43:02,FALSE,NA,"971592100067262464",NA,"<a href=""http://twitter.com/download/android"" rel=""nofollow"">Twitter for Android</a>","haidersuman",19,TRUE,FALSE,NA,NA
"8","RT @MJ_Riya: #FreeKhaledaZia
#FreeKhaleda_SaveBangladesh 
#FreeFighterOfdemocracy

https://t.co/f05CpEuWlE",FALSE,0,NA,2018-03-08 03:42:56,FALSE,NA,"971592074817449985",NA,"<a href=""http://twitter.com/download/android"" rel=""nofollow"">Twitter for Android</a>","haidersuman",13,TRUE,FALSE,NA,NA
"9","RT @MMCmilon: ছবিটি 1990 সালের কিছু দিন আগে হবে।স্বৈরাচার এরশাদ সরকার বিরোধী আন্দোলনের শেষ সময় ছাত্রদলকে সরাসরি রাজপথে থেকে নেতৃত্ব দিচ্ছে…",FALSE,0,NA,2018-03-07 13:20:26,FALSE,NA,"971375019640086528",NA,"<a href=""http://twitter.com/download/android"" rel=""nofollow"">Twitter for Android</a>","MDShahA88632759",24,TRUE,FALSE,NA,NA
"10","RT @khaledchow1: Attack on Jaffor Iqbal is another Awami league’s attempt to undermine democracy in Bangladesh and prolonging Hsanina’s dic…",FALSE,0,NA,2018-03-07 08:57:29,FALSE,NA,"971308843970985986",NA,"<a href=""http://twitter.com/download/android"" rel=""nofollow"">Twitter for Android</a>","moniruj18455738",8,TRUE,FALSE,NA,NA
"11","@bnpbangladesh #FreeKhaleda
#FreeKhaledaZia",FALSE,0,"bnpbangladesh",2018-03-07 08:25:42,FALSE,"970979088427921409","971300847819874309","220758622","<a href=""http://twitter.com/download/android"" rel=""nofollow"">Twitter for Android</a>","jafor_the_great",0,FALSE,FALSE,NA,NA
"12","@NasimulK @BBCBreaking @BBCNews @BBCWorld @cnnbrk @cnni @CNN @UNHumanRights @UNICEF @UN @UN_Women @UN_News_Centre… https://t.co/KoEBCFZfrX",FALSE,0,"NasimulK",2018-03-07 07:46:57,TRUE,"971104087952338944","971291095593308160","2451153099","<a href=""http://twitter.com/download/android"" rel=""nofollow"">Twitter for Android</a>","AjijKha61671381",0,FALSE,FALSE,NA,NA
"13","RT @khaledchow1: Attack on Jaffor Iqbal is another Awami league’s attempt to undermine democracy in Bangladesh and prolonging Hsanina’s dic…",FALSE,0,NA,2018-03-07 04:28:45,FALSE,NA,"971241217739640832",NA,"<a href=""http://twitter.com/download/android"" rel=""nofollow"">Twitter for Android</a>","MDShahA90680368",8,TRUE,FALSE,NA,NA
"14","RT @Afros1980: #Bangladesh wants @BegumZiaBd free but #AwamiLeague does not.We demand her unconditional release.
@BBCWorld @CNN @Reuters @A…",FALSE,0,NA,2018-03-06 19:46:53,FALSE,NA,"971109883901890560",NA,"<a href=""http://twitter.com/download/android"" rel=""nofollow"">Twitter for Android</a>","MonjuAlom1",1,TRUE,FALSE,NA,NA
"15","RT @Afros1980: I am Zul Afros, demand immediate release of BNP Chairperson and former PM DeshNetri Begum Khaleda Zia. (@BegumZiaBd) 

#Free…",FALSE,0,NA,2018-03-06 19:46:24,FALSE,NA,"971109764636774401",NA,"<a href=""http://twitter.com/download/android"" rel=""nofollow"">Twitter for Android</a>","MonjuAlom1",1,TRUE,FALSE,NA,NA
"16","RT @FirozMa59892988: #SOS_Bangladesh
The government set #KhaledaZia jail by fake instigation. they killed opposition leader and workers by…",FALSE,0,NA,2018-03-06 19:39:14,FALSE,NA,"971107960142417920",NA,"<a href=""http://twitter.com/download/android"" rel=""nofollow"">Twitter for Android</a>","MonjuAlom1",9,TRUE,FALSE,NA,NA
"17","RT @HasanMahedi20: #SOS_Bangladesh
The government set #KhaledaZia jail by fake instigation. they killed opposition leader and workers by us…",FALSE,0,NA,2018-03-06 19:27:44,FALSE,NA,"971105066303262720",NA,"<a href=""http://twitter.com/download/android"" rel=""nofollow"">Twitter for Android</a>","MonjuAlom1",9,TRUE,FALSE,NA,NA
"18","RT @SaifulI34409657: 3 times Prime Minister of Bangladesh, #Khaledazia,72 yrs old,has been kept in a worn out sell,without division facilit…",FALSE,0,NA,2018-03-06 14:41:16,FALSE,NA,"971032974752993280",NA,"<a href=""http://twitter.com/download/android"" rel=""nofollow"">Twitter for Android</a>","MDShahA90680368",1,TRUE,FALSE,NA,NA
"19","RT @MDShahA88632759: @mreza07 @UN @POTUS @hrw @AJENews @cnni @Europarl_EN @BBCNews @Wahiduzzaman21 #SOS_Bangladesh
The government set #Khal…",FALSE,0,NA,2018-03-06 12:35:33,FALSE,NA,"971001335922520064",NA,"<a href=""http://twitter.com/download/android"" rel=""nofollow"">Twitter for Android</a>","sowkat31182181",13,TRUE,FALSE,NA,NA
"20","RT @dalim1975: 3 times Prime Minister of Bangladesh #Khaledazia, 72 yrs old, is not given the facilities she deserves as a former PM in jai…",FALSE,0,NA,2018-03-06 06:24:29,FALSE,NA,"970907952881139712",NA,"<a href=""http://twitter.com/download/android"" rel=""nofollow"">Twitter for Android</a>","MDShahA88632759",135,TRUE,FALSE,NA,NA
"21","RT @dalim1975: #Bangladesh wants @BegumZiaBd free but #AwamiLeague does not.We demand her unconditional release.
@BBCWorld @CNN @Reuters @A…",FALSE,0,NA,2018-03-06 06:24:16,FALSE,NA,"970907898057449472",NA,"<a href=""http://twitter.com/download/android"" rel=""nofollow"">Twitter for Android</a>","MDShahA88632759",112,TRUE,FALSE,NA,NA
"22","RT @jafor_the_great: I'm Jafor from Bangladesh. I demand immediate unconditional release of ex PM Khaleda Zia.
#FreeKhaleda
#FreeKhaledaZia…",FALSE,0,NA,2018-03-06 05:45:12,FALSE,NA,"970898069423251456",NA,"<a href=""http://twitter.com/download/android"" rel=""nofollow"">Twitter for Android</a>","MDShahA90680368",13,TRUE,FALSE,NA,NA
"23","RT @appelmahmud7: I am Appel, demand immediate release of BNP Chairperson and former PM DeshNetri Begum Khaleda Zia. @BegumZiaBd

#FreeKhal…",FALSE,0,NA,2018-03-06 05:45:09,FALSE,NA,"970898055510745088",NA,"<a href=""http://twitter.com/download/android"" rel=""nofollow"">Twitter for Android</a>","MDShahA90680368",27,TRUE,FALSE,NA,NA
"24","RT @dalim1975: 3 times Prime Minister of Bangladesh #Khaledazia, 72 yrs old, is not given the facilities she deserves as a former PM in jai…",FALSE,0,NA,2018-03-06 05:32:09,FALSE,NA,"970894784649924608",NA,"<a href=""http://twitter.com/download/android"" rel=""nofollow"">Twitter for Android</a>","mdJainalAbedin9",135,TRUE,FALSE,NA,NA
"25","RT @khaledchow1: Attack on Jaffor Iqbal is another Awami league’s attempt to undermine democracy in Bangladesh and prolonging Hsanina’s dic…",FALSE,0,NA,2018-03-05 16:10:54,FALSE,NA,"970693142679756800",NA,"<a href=""http://twitter.com/download/android"" rel=""nofollow"">Twitter for Android</a>","Simran97828310",8,TRUE,FALSE,NA,NA
"26","RT @NazmultotolH: #Bangladesh wants @BegumZiaBd free but #AwamiLeague does not.We demand her unconditional release.
@BBCWorld @CNN @Reuters…",FALSE,0,NA,2018-03-05 11:55:06,FALSE,NA,"970628769609170945",NA,"<a href=""http://twitter.com/download/android"" rel=""nofollow"">Twitter for Android</a>","FreeKhaledaZia1",12,TRUE,FALSE,NA,NA
"27","RT @NazmultotolH: #Bangladesh wants @BegumZiaBd free but #AwamiLeague does not.We demand her unconditional release.
@BBCWorld @CNN @Reuters…",FALSE,0,NA,2018-03-05 08:57:17,FALSE,NA,"970584017786486784",NA,"<a href=""http://twitter.com/download/android"" rel=""nofollow"">Twitter for Android</a>","sayem57762726",12,TRUE,FALSE,NA,NA
"28","RT @ChowdhuryHashan: I am Hashan , demand immediate release of BNP Chairperson and former PM DeshNetri Begum Khaleda Zia. (@BegumZiaBd) 

#…",FALSE,0,NA,2018-03-04 19:19:25,FALSE,NA,"970378196712677378",NA,"<a href=""http://twitter.com/download/android"" rel=""nofollow"">Twitter for Android</a>","MonjuAlom1",14,TRUE,FALSE,NA,NA
"29","RT @NazmultotolH: Attack on Jaffor Iqbal is another Awami league’s attempt to undermine democracy in Bangladesh and prolonging Hsanina’s di…",FALSE,0,NA,2018-03-04 19:07:58,FALSE,NA,"970375314718187520",NA,"<a href=""http://twitter.com/download/android"" rel=""nofollow"">Twitter for Android</a>","RobelAhamed19",2,TRUE,FALSE,NA,NA
"30","RT @NazmultotolH: #Bangladesh wants @BegumZiaBd free but #AwamiLeague does not.We demand her unconditional release.
@BBCWorld @CNN @Reuters…",FALSE,0,NA,2018-03-04 17:56:19,FALSE,NA,"970357285028380672",NA,"<a href=""http://twitter.com"" rel=""nofollow"">Twitter Web Client</a>","zr1951481_wasif",12,TRUE,FALSE,NA,NA
"31","RT @NazmultotolH: #Bangladesh wants @BegumZiaBd free but #AwamiLeague does not.We demand her unconditional release.
@BBCWorld @CNN @Reuters…",FALSE,0,NA,2018-03-04 17:40:25,FALSE,NA,"970353283842785280",NA,"<a href=""http://twitter.com/download/android"" rel=""nofollow"">Twitter for Android</a>","Mukhles85202393",12,TRUE,FALSE,NA,NA
"32","RT @NazmultotolH: #Bangladesh wants @BegumZiaBd free but #AwamiLeague does not.We demand her unconditional release.
@BBCWorld @CNN @Reuters…",FALSE,0,NA,2018-03-04 15:07:36,FALSE,NA,"970314826940477440",NA,"<a href=""http://twitter.com/download/android"" rel=""nofollow"">Twitter for Android</a>","SyedaSumiya",12,TRUE,FALSE,NA,NA
"33","RT @NazmultotolH: #Bangladesh wants @BegumZiaBd free but #AwamiLeague does not.We demand her unconditional release.
@BBCWorld @CNN @Reuters…",FALSE,0,NA,2018-03-04 12:59:15,FALSE,NA,"970282524441174017",NA,"<a href=""http://twitter.com"" rel=""nofollow"">Twitter Web Client</a>","jalalgl",12,TRUE,FALSE,NA,NA
"34","RT @NazmultotolH: #Bangladesh wants @BegumZiaBd free but #AwamiLeague does not.We demand her unconditional release.
@BBCWorld @CNN @Reuters…",FALSE,0,NA,2018-03-04 11:20:09,FALSE,NA,"970257583360503808",NA,"<a href=""https://mobile.twitter.com"" rel=""nofollow"">Twitter Lite</a>","atiquerussell",12,TRUE,FALSE,NA,NA
"35","RT @NazmultotolH: #Bangladesh wants @BegumZiaBd free but #AwamiLeague does not.We demand her unconditional release.
@BBCWorld @CNN @Reuters…",FALSE,0,NA,2018-03-04 11:03:24,FALSE,NA,"970253368336662529",NA,"<a href=""http://twitter.com/download/android"" rel=""nofollow"">Twitter for Android</a>","moniruj18455738",12,TRUE,FALSE,NA,NA
"36","RT @NazmultotolH: #Bangladesh wants @BegumZiaBd free but #AwamiLeague does not.We demand her unconditional release.
@BBCWorld @CNN @Reuters…",FALSE,0,NA,2018-03-04 07:04:42,FALSE,NA,"970193301121855488",NA,"<a href=""http://twitter.com"" rel=""nofollow"">Twitter Web Client</a>","rashed_shaheen",12,TRUE,FALSE,NA,NA
"37","RT @NazmultotolH: #Bangladesh wants @BegumZiaBd free but #AwamiLeague does not.We demand her unconditional release.
@BBCWorld @CNN @Reuters…",FALSE,0,NA,2018-03-04 06:15:58,FALSE,NA,"970181037044084737",NA,"<a href=""http://twitter.com/download/android"" rel=""nofollow"">Twitter for Android</a>","haidersuman",12,TRUE,FALSE,NA,NA
"38","RT @NazmultotolH: Attack on Jaffor Iqbal is another Awami league’s attempt to undermine democracy in Bangladesh and prolonging Hsanina’s di…",FALSE,0,NA,2018-03-04 06:15:15,FALSE,NA,"970180854872924161",NA,"<a href=""http://twitter.com/download/android"" rel=""nofollow"">Twitter for Android</a>","haidersuman",2,TRUE,FALSE,NA,NA
"39","Attack on Jaffor Iqbal is another Awami league’s attempt to undermine democracy in Bangladesh and prolonging Hsanin… https://t.co/x9ZKFuxVik",FALSE,2,"NazmultotolH",2018-03-04 05:30:32,TRUE,"970169597209935872","970169600590540800","2269061682","<a href=""http://twitter.com/download/android"" rel=""nofollow"">Twitter for Android</a>","NazmultotolH",2,FALSE,FALSE,NA,NA
"40","#Bangladesh wants @BegumZiaBd free but #AwamiLeague does not.We demand her unconditional release.
@BBCWorld @CNN… https://t.co/cwU2m3JTYF",FALSE,29,NA,2018-03-04 05:29:39,TRUE,NA,"970169377084461056",NA,"<a href=""http://twitter.com/download/android"" rel=""nofollow"">Twitter for Android</a>","NazmultotolH",12,FALSE,FALSE,NA,NA
"41","RT @khaledchow1: Attack on Jaffor Iqbal is another Awami league’s attempt to undermine democracy in Bangladesh and prolonging Hsanina’s dic…",FALSE,0,NA,2018-03-04 05:00:07,FALSE,NA,"970161946149335040",NA,"<a href=""http://twitter.com/download/android"" rel=""nofollow"">Twitter for Android</a>","Shaembd7",8,TRUE,FALSE,NA,NA
"42","RT @Abdullahramu: #Bangladesh wants @BegumZiaBd free but #AwamiLeague does not.We demand her unconditional release.
@BBCWorld @CNN @Reuters…",FALSE,0,NA,2018-03-04 04:24:09,FALSE,NA,"970152895252348929",NA,"<a href=""http://twitter.com/download/android"" rel=""nofollow"">Twitter for Android</a>","MdNur825726",12,TRUE,FALSE,NA,NA
"43","RT @khaledchow1: Attack on Jaffor Iqbal is another Awami league’s attempt to undermine democracy in Bangladesh and prolonging Hsanina’s dic…",FALSE,0,NA,2018-03-04 04:18:12,FALSE,NA,"970151397667717120",NA,"<a href=""http://twitter.com/download/android"" rel=""nofollow"">Twitter for Android</a>","MdNur825726",8,TRUE,FALSE,NA,NA
"44","RT @khaledchow1: Attack on Jaffor Iqbal is another Awami league’s attempt to undermine democracy in Bangladesh and prolonging Hsanina’s dic…",FALSE,0,NA,2018-03-04 04:12:13,FALSE,NA,"970149893925888000",NA,"<a href=""http://twitter.com/download/android"" rel=""nofollow"">Twitter for Android</a>","RobelAhamed19",8,TRUE,FALSE,NA,NA
"45","RT @khaledchow1: Attack on Jaffor Iqbal is another Awami league’s attempt to undermine democracy in Bangladesh and prolonging Hsanina’s dic…",FALSE,0,NA,2018-03-04 03:22:45,FALSE,NA,"970137444254298112",NA,"<a href=""http://twitter.com/download/android"" rel=""nofollow"">Twitter for Android</a>","haidersuman",8,TRUE,FALSE,NA,NA
"46","RT @khaledchow1: Attack on Jaffor Iqbal is another Awami league’s attempt to undermine democracy in Bangladesh and prolonging Hsanina’s dic…",FALSE,0,NA,2018-03-04 02:50:03,FALSE,NA,"970129214304169984",NA,"<a href=""http://twitter.com/download/android"" rel=""nofollow"">Twitter for Android</a>","RAZUSHAFAYETH",8,TRUE,FALSE,NA,NA
"47","Attack on Jaffor Iqbal is another Awami league’s attempt to undermine democracy in Bangladesh and prolonging Hsanin… https://t.co/foYn7e9mRC",FALSE,8,NA,2018-03-04 01:53:38,TRUE,NA,"970115015083687936",NA,"<a href=""http://twitter.com"" rel=""nofollow"">Twitter Web Client</a>","khaledchow1",8,FALSE,FALSE,NA,NA
"48","RT @munnabx: #FreeKhaledaZia 
#FreeKhaleda 
#Democracy 
#Bangladesh https://t.co/1dUSbwQdGw",FALSE,0,NA,2018-03-03 19:59:37,FALSE,NA,"970025925965418496",NA,"<a href=""http://twitter.com/download/android"" rel=""nofollow"">Twitter for Android</a>","MonjuAlom1",18,TRUE,FALSE,NA,NA
"49","RT @Abdullahramu: #Bangladesh wants @BegumZiaBd free but #AwamiLeague does not.We demand her unconditional release.
@BBCWorld @CNN @Reuters…",FALSE,0,NA,2018-03-03 19:51:44,FALSE,NA,"970023940348358656",NA,"<a href=""http://twitter.com/download/android"" rel=""nofollow"">Twitter for Android</a>","MonjuAlom1",12,TRUE,FALSE,NA,NA
"50","RT @Abdullahramu: #Bangladesh wants @BegumZiaBd free but #AwamiLeague does not.We demand her unconditional release.
@BBCWorld @CNN @Reuters…",FALSE,0,NA,2018-03-03 19:49:10,FALSE,NA,"970023294769360896",NA,"<a href=""http://twitter.com/download/android"" rel=""nofollow"">Twitter for Android</a>","bappuraj4",12,TRUE,FALSE,NA,NA
"51","RT @Abdullahramu: #Bangladesh wants @BegumZiaBd free but #AwamiLeague does not.We demand her unconditional release.
@BBCWorld @CNN @Reuters…",FALSE,0,NA,2018-03-03 16:08:07,FALSE,NA,"969967665841291269",NA,"<a href=""http://twitter.com/download/android"" rel=""nofollow"">Twitter for Android</a>","haidersuman",12,TRUE,FALSE,NA,NA
"52","RT @Abdullahramu: #Bangladesh wants @BegumZiaBd free but #AwamiLeague does not.We demand her unconditional release.
@BBCWorld @CNN @Reuters…",FALSE,0,NA,2018-03-03 15:21:46,FALSE,NA,"969956000794009601",NA,"<a href=""http://twitter.com/download/android"" rel=""nofollow"">Twitter for Android</a>","RobelAhamed19",12,TRUE,FALSE,NA,NA
"53","RT @RajHasan69: Khaleda Zia detained in false and conspiratorial case. 
The people of Bangladesh rejected the verdict filled with hatred.…",FALSE,0,NA,2018-03-03 11:06:41,FALSE,NA,"969891807604523008",NA,"<a href=""http://twitter.com/#!/download/ipad"" rel=""nofollow"">Twitter for iPad</a>","Photosstory009",10,TRUE,FALSE,NA,NA
"54","RT @Abdullahramu: #Bangladesh wants @BegumZiaBd free but #AwamiLeague does not.We demand her unconditional release.
@BBCWorld @CNN @Reuters…",FALSE,0,NA,2018-03-03 06:44:18,FALSE,NA,"969825777637244928",NA,"<a href=""http://twitter.com/download/android"" rel=""nofollow"">Twitter for Android</a>","shamsuddinctg25",12,TRUE,FALSE,NA,NA
"55","RT @Abdullahramu: #Bangladesh wants @BegumZiaBd free but #AwamiLeague does not.We demand her unconditional release.
@BBCWorld @CNN @Reuters…",FALSE,0,NA,2018-03-02 18:18:29,FALSE,NA,"969638088115765248",NA,"<a href=""https://mobile.twitter.com"" rel=""nofollow"">Twitter Lite</a>","NasimulK",12,TRUE,FALSE,NA,NA
"56","RT @MonjuAlom1: #FreeKhaledaZia
#FreeKhaleda
#FreeKhaleda_SaveBangladesh
#NoElectionWithoutKhaleda
#SaveBangladesh
#savedemocracy",FALSE,0,NA,2018-03-02 17:51:09,FALSE,NA,"969631208739975168",NA,"<a href=""http://twitter.com/download/android"" rel=""nofollow"">Twitter for Android</a>","Simran97828310",2,TRUE,FALSE,NA,NA
"57","RT @rimon_bdksa: #FreeKhaleda zia#save bangladesh https://t.co/OKoGuJTN88",FALSE,0,NA,2018-03-02 17:26:45,FALSE,NA,"969625066487951360",NA,"<a href=""http://twitter.com/download/android"" rel=""nofollow"">Twitter for Android</a>","Simran97828310",4,TRUE,FALSE,NA,NA
"58","RT @Newajsharif14: Mother of democracy @BegumZiaBd 
#FreeKhaleda 
#FreeKhaledaZia 
#FreeFairElection 
#Freedemocracy 
#savedemocracy 
#Save…",FALSE,0,NA,2018-03-02 17:14:35,FALSE,NA,"969622004432216064",NA,"<a href=""http://twitter.com/download/android"" rel=""nofollow"">Twitter for Android</a>","haidersuman",12,TRUE,FALSE,NA,NA
"59","RT @ArifulKashem: we demand @BegumZiaBd unconditional free #FreeKhaleda #FreeDemocracy
#NoElectionWithoutKhaledaZia 
@BBCWorld @AJEnglish @…",FALSE,0,NA,2018-03-02 17:11:45,FALSE,NA,"969621290649726977",NA,"<a href=""http://twitter.com/download/android"" rel=""nofollow"">Twitter for Android</a>","haidersuman",5,TRUE,FALSE,NA,NA
"60","RT @TanvirAhmedKh15: Mother of democracy @BegumZiaBd 
#FreeKhaleda 
#FreeKhaledaZia 
#FreeFairElection 
#Freedemocracy 
#savedemocracy 
#Sa…",FALSE,0,NA,2018-03-02 17:11:29,FALSE,NA,"969621227064012800",NA,"<a href=""http://twitter.com/download/android"" rel=""nofollow"">Twitter for Android</a>","haidersuman",1,TRUE,FALSE,NA,NA
"61","RT @UJHOO17: We made the leader of the country and You are making Nelson Mandela by sending her to prison. 
#FreeKhaleda #FreeDemocracy #Ba…",FALSE,0,NA,2018-03-02 17:11:28,FALSE,NA,"969621219887669248",NA,"<a href=""http://twitter.com/download/android"" rel=""nofollow"">Twitter for Android</a>","haidersuman",2,TRUE,FALSE,NA,NA
"62","RT @RashedMahedi: #FreeKhaledaZia #FreeKhaleda #FreeDemocracy #NoElectionWithoutKhaleda #KhaledaZia #ZiaOrphanageTrust #SayNoToHasina https…",FALSE,0,NA,2018-03-02 17:09:27,FALSE,NA,"969620711852527616",NA,"<a href=""http://twitter.com/download/android"" rel=""nofollow"">Twitter for Android</a>","haidersuman",4,TRUE,FALSE,NA,NA
"63","RT @hmdelwar16: প্রতিহিংসার রাজনীতি বন্ধ করুন,
বেগম খালেদা জিয়াকে নিঃশর্ত মুক্তি দিন,
Stop the politics of vengeance, release Begum Khaled…",FALSE,0,NA,2018-03-02 17:08:20,FALSE,NA,"969620434693083139",NA,"<a href=""http://twitter.com/download/android"" rel=""nofollow"">Twitter for Android</a>","sowkat31182181",13,TRUE,FALSE,NA,NA
"64","RT @SHARIFBDR: Mother of democracy @BegumZiaBd 
#FreeKhaleda 
#FreeKhaledaZia 
#FreeFairElection 
#Freedemocracy 
#savedemocracy 
#SaveBang…",FALSE,0,NA,2018-03-02 17:08:20,FALSE,NA,"969620431597531136",NA,"<a href=""http://twitter.com/download/android"" rel=""nofollow"">Twitter for Android</a>","haidersuman",1,TRUE,FALSE,NA,NA
"65","RT @Shaembd7: @moinututul @BegumZiaBd @BBCWorld @AJEnglish @guardian @AP @AFP @CNN @XHNews @UN @hrw @Europarl_EN @amnesty @UKinBangladesh @…",FALSE,0,NA,2018-03-02 17:07:58,FALSE,NA,"969620339692056576",NA,"<a href=""http://twitter.com/download/android"" rel=""nofollow"">Twitter for Android</a>","haidersuman",1,TRUE,FALSE,NA,NA
"66","RT @Hasanur98236396: @hasanurrahmant2 @BegumZiaBd @CNN @BBCWorld @BBCNews @hrw @UNHumanRights #FreeKhaleda #FreeKhaledaZia  #NoElectionWith…",FALSE,0,NA,2018-03-02 17:07:34,FALSE,NA,"969620239930425345",NA,"<a href=""http://twitter.com/download/android"" rel=""nofollow"">Twitter for Android</a>","haidersuman",2,TRUE,FALSE,NA,NA
"67","RT @Hasanur98236396: @dalim1975 @BegumZiaBd @hrw @UN @BBCWorld @cnni @KenRoth #FreeKhaleda  #FreeDemocracy  #NoElectionWithoutKhaledaZia",FALSE,0,NA,2018-03-02 17:07:31,FALSE,NA,"969620226814832641",NA,"<a href=""http://twitter.com/download/android"" rel=""nofollow"">Twitter for Android</a>","haidersuman",2,TRUE,FALSE,NA,NA
"68","RT @Nahidulislam08: #FreeKhaleda
#FreeDemocracy
#NoElectionWithoutKhaledaZia
@Andaleeve @CNN @CNNPolitics @AJEnglish @timesofindia @BBCWorld",FALSE,0,NA,2018-03-02 17:07:29,FALSE,NA,"969620218287984640",NA,"<a href=""http://twitter.com/download/android"" rel=""nofollow"">Twitter for Android</a>","sowkat31182181",3,TRUE,FALSE,NA,NA
"69","RT @Nahidulislam08: #FreeKhaleda
#FreeDemocracy
#NoElectionWithoutKhaledaZia
@Andaleeve @CNN @CNNPolitics @AJEnglish @timesofindia @BBCWorld",FALSE,0,NA,2018-03-02 15:17:08,FALSE,NA,"969592449084592129",NA,"<a href=""http://twitter.com/download/android"" rel=""nofollow"">Twitter for Android</a>","MonjuAlom1",3,TRUE,FALSE,NA,NA
"70","RT @hmdelwar16: প্রতিহিংসার রাজনীতি বন্ধ করুন,
বেগম খালেদা জিয়াকে নিঃশর্ত মুক্তি দিন,
Stop the politics of vengeance, release Begum Khaled…",FALSE,0,NA,2018-03-02 15:15:24,FALSE,NA,"969592012604403712",NA,"<a href=""http://twitter.com/download/android"" rel=""nofollow"">Twitter for Android</a>","MonjuAlom1",13,TRUE,FALSE,NA,NA
"71","RT @hmdelwar16: প্রতিহিংসার রাজনীতি বন্ধ করুন,
বেগম খালেদা জিয়াকে নিঃশর্ত মুক্তি দিন,
Stop the politics of vengeance, release Begum Khaled…",FALSE,0,NA,2018-03-02 12:56:41,FALSE,NA,"969557101616840704",NA,"<a href=""http://twitter.com/download/android"" rel=""nofollow"">Twitter for Android</a>","haidersuman",13,TRUE,FALSE,NA,NA
"72","RT @MdAlami29457704: ""You can jail a Revolutionary, but you can't jail the Revolution.""

#FreeKhaledaZia #FreeKhaleda #FreeDemocracy #Khale…",FALSE,0,NA,2018-03-02 12:56:38,FALSE,NA,"969557089805725697",NA,"<a href=""http://twitter.com/download/android"" rel=""nofollow"">Twitter for Android</a>","haidersuman",1,TRUE,FALSE,NA,NA
"73","RT @anik_khan202: যারা অনলাইনে বেগম খালেদা জিয়ার মুক্তির দাবীতে গনস্বাক্ষর কর্মসূচীতে অংশগ্রহণ করতে চান,বিশেষ করে যারা প্রবাসী, তারা নিচের…",FALSE,0,NA,2018-03-02 12:54:29,FALSE,NA,"969556547842945024",NA,"<a href=""http://twitter.com/download/android"" rel=""nofollow"">Twitter for Android</a>","haidersuman",1,TRUE,FALSE,NA,NA
"74","RT @Nahidulislam08: #FreeKhaleda
#FreeDemocracy
#NoElectionWithoutKhaledaZia
@Andaleeve @CNN @CNNPolitics @AJEnglish @timesofindia @BBCWorld",FALSE,0,NA,2018-03-02 12:47:37,FALSE,NA,"969554822432137216",NA,"<a href=""http://twitter.com/download/android"" rel=""nofollow"">Twitter for Android</a>","haidersuman",3,TRUE,FALSE,NA,NA
"75","RT @SikderChk: Symbol of #Bangladesh except ruling and their alience. Innocent people are being arrested just because of opposition.
#FreeK…",FALSE,0,NA,2018-03-02 12:41:49,FALSE,NA,"969553362067664898",NA,"<a href=""http://twitter.com/download/android"" rel=""nofollow"">Twitter for Android</a>","MiaziArif",6,TRUE,FALSE,NA,NA
"76","RT @Abdullahramu: #Bangladesh wants @BegumZiaBd free but #AwamiLeague does not.We demand her unconditional release.
@BBCWorld @CNN @Reuters…",FALSE,0,NA,2018-03-02 11:59:09,FALSE,NA,"969542623777230848",NA,"<a href=""http://twitter.com/download/android"" rel=""nofollow"">Twitter for Android</a>","mintu_bhuiyan",12,TRUE,FALSE,NA,NA
"77","RT @NazmultotolH: #bangladeshi wants @BegumZiaBd free but #AwamiLeague does not.We demand her unconditional release.
@BBCWorld @CNN @Reuter…",FALSE,0,NA,2018-03-02 10:16:20,FALSE,NA,"969516749749186560",NA,"<a href=""http://twitter.com/download/android"" rel=""nofollow"">Twitter for Android</a>","moniruj18455738",6,TRUE,FALSE,NA,NA
"78","#FreeKhaleda 
@BegumZiaBd 
#Bangladesh https://t.co/V2A3UIviRm",FALSE,0,NA,2018-03-02 10:14:28,FALSE,NA,"969516278774812672",NA,"<a href=""http://twitter.com/download/android"" rel=""nofollow"">Twitter for Android</a>","MMCmilon",1,FALSE,FALSE,NA,NA
"79","RT @Abdullahramu: #Bangladesh wants @BegumZiaBd free but #AwamiLeague does not.We demand her unconditional release.
@BBCWorld @CNN @Reuters…",FALSE,0,NA,2018-03-02 08:03:48,FALSE,NA,"969483397662822400",NA,"<a href=""http://twitter.com/download/android"" rel=""nofollow"">Twitter for Android</a>","Mukhles85202393",12,TRUE,FALSE,NA,NA
"80","RT @NazmultotolH: #bangladeshi wants @BegumZiaBd free but #AwamiLeague does not.We demand her unconditional release.
@BBCWorld @CNN @Reuter…",FALSE,0,NA,2018-03-02 08:02:57,FALSE,NA,"969483181945536512",NA,"<a href=""http://twitter.com/download/android"" rel=""nofollow"">Twitter for Android</a>","Mukhles85202393",6,TRUE,FALSE,NA,NA
"81","RT @NazmultotolH: #bangladeshi wants @BegumZiaBd free but #AwamiLeague does not.We demand her unconditional release.
@BBCWorld @CNN @Reuter…",FALSE,0,NA,2018-03-02 07:00:43,FALSE,NA,"969467519974170624",NA,"<a href=""http://twitter.com/download/android"" rel=""nofollow"">Twitter for Android</a>","zakirhossain782",6,TRUE,FALSE,NA,NA
"82","RT @duurzodhon: 3 times Prime Minister of Bangladesh, #Khaledazia,72 yrs old,has been kept in a worn out sell,without division facilities s…",FALSE,0,NA,2018-03-02 06:49:55,FALSE,NA,"969464801909977088",NA,"<a href=""http://twitter.com/download/android"" rel=""nofollow"">Twitter for Android</a>","zakirhossain782",84,TRUE,FALSE,NA,NA
"83","RT @Abdullahramu: #Bangladesh wants @BegumZiaBd free but #AwamiLeague does not.We demand her unconditional release.
@BBCWorld @CNN @Reuters…",FALSE,0,NA,2018-03-02 06:31:18,FALSE,NA,"969460118147424256",NA,"<a href=""http://twitter.com/download/android"" rel=""nofollow"">Twitter for Android</a>","MohamedAlamgir6",12,TRUE,FALSE,NA,NA
"84","RT @MonjuAlom1: #FreeKhaledaZia
#FreeKhaleda
#FreeKhaleda_SaveBangladesh
#NoElectionWithoutKhaleda
#SaveBangladesh
#savedemocracy",FALSE,0,NA,2018-03-02 05:37:14,FALSE,NA,"969446511061823488",NA,"<a href=""http://twitter.com/download/android"" rel=""nofollow"">Twitter for Android</a>","Mukhles85202393",2,TRUE,FALSE,NA,NA
"85","RT @SyedaSumiya: #Bangladesh wants @BegumZiaBd free but #AwamiLeague does not.We demand her unconditional release.
@BBCWorld @CNN @Reuters…",FALSE,0,NA,2018-03-02 04:37:48,FALSE,NA,"969431554752761856",NA,"<a href=""http://twitter.com/download/iphone"" rel=""nofollow"">Twitter for iPhone</a>","fmdhasan",48,TRUE,FALSE,NA,NA
"86","RT @hmdelwar16: I am Delwar , I demand immediate release of BNP Chairperson and former PM DeshNetri Begum Khaleda Zia. (@BegumZiaBd) 

#Fre…",FALSE,0,NA,2018-03-02 02:32:11,FALSE,NA,"969399943977824256",NA,"<a href=""http://twitter.com/download/android"" rel=""nofollow"">Twitter for Android</a>","haidersuman",5,TRUE,FALSE,NA,NA
"87","RT @NazmultotolH: #bangladeshi wants @BegumZiaBd free but #AwamiLeague does not.We demand her unconditional release.
@BBCWorld @CNN @Reuter…",FALSE,0,NA,2018-03-02 02:10:36,FALSE,NA,"969394510449922048",NA,"<a href=""http://twitter.com/download/android"" rel=""nofollow"">Twitter for Android</a>","haidersuman",6,TRUE,FALSE,NA,NA
"88","RT @Abdullahramu: #Bangladesh wants @BegumZiaBd free but #AwamiLeague does not.We demand her unconditional release.
@BBCWorld @CNN @Reuters…",FALSE,0,NA,2018-03-02 01:48:59,FALSE,NA,"969389071221993473",NA,"<a href=""http://twitter.com/download/android"" rel=""nofollow"">Twitter for Android</a>","moniruj18455738",12,TRUE,FALSE,NA,NA
"89","#Bangladesh wants @BegumZiaBd free but #AwamiLeague does not.We demand her unconditional release.
@BBCWorld @CNN… https://t.co/4HElNQyTwU",FALSE,28,NA,2018-03-01 23:40:51,TRUE,NA,"969356826339889152",NA,"<a href=""http://twitter.com/download/iphone"" rel=""nofollow"">Twitter for iPhone</a>","Abdullahramu",12,FALSE,FALSE,NA,NA
"90","RT @NazmultotolH: #bangladeshi wants @BegumZiaBd free but #AwamiLeague does not.We demand her unconditional release.
@BBCWorld @CNN @Reuter…",FALSE,0,NA,2018-03-01 22:34:52,FALSE,NA,"969340220305915904",NA,"<a href=""http://twitter.com/download/android"" rel=""nofollow"">Twitter for Android</a>","IamAzim_Bhuiyan",6,TRUE,FALSE,NA,NA
"91","RT @Meer_Zahan_: I am Meer Zahan, demand immediate release of BNP Chairperson and former PM DeshNetri Begum Khaleda Zia. (@BegumZiaBd) 

#F…",FALSE,0,NA,2018-03-01 19:09:03,FALSE,NA,"969288422874599424",NA,"<a href=""http://twitter.com/download/android"" rel=""nofollow"">Twitter for Android</a>","MonjuAlom1",13,TRUE,FALSE,NA,NA
"92","RT @MJ_Riya: I am @mjriya3, demand immediate release of BNP Chairperson and former PM DeshNetri Begum Khaleda Zia. (@BegumZiaBd) 

#FreeKha…",FALSE,0,NA,2018-03-01 19:09:00,FALSE,NA,"969288410476220416",NA,"<a href=""http://twitter.com/download/android"" rel=""nofollow"">Twitter for Android</a>","MonjuAlom1",19,TRUE,FALSE,NA,NA
"93","RT @MJ_Riya: #FreeKhaledaZia
#FreeKhaleda_SaveBangladesh 
#FreeFighterOfdemocracy

https://t.co/f05CpEuWlE",FALSE,0,NA,2018-03-01 19:08:57,FALSE,NA,"969288397197111296",NA,"<a href=""http://twitter.com/download/android"" rel=""nofollow"">Twitter for Android</a>","MonjuAlom1",13,TRUE,FALSE,NA,NA
"94","@Meer_Zahan_ @TheEconomist @AJEnglish @nytimes @UN_HRC @hrw @UNHumanRights #FreeKhaledaZia
#FreeKhaleda… https://t.co/ydmsQAJ0Y0",FALSE,1,"Meer_Zahan_",2018-03-01 19:07:42,TRUE,"967432307958153217","969288085119930369","3136536331","<a href=""http://twitter.com/download/android"" rel=""nofollow"">Twitter for Android</a>","MonjuAlom1",0,FALSE,FALSE,NA,NA
"95","#FreeKhaledaZia
#FreeKhaleda
#FreeKhaleda_SaveBangladesh
#NoElectionWithoutKhaleda
#SaveBangladesh
#savedemocracy",FALSE,5,NA,2018-03-01 19:05:47,FALSE,NA,"969287601965490177",NA,"<a href=""http://twitter.com/download/android"" rel=""nofollow"">Twitter for Android</a>","MonjuAlom1",2,FALSE,FALSE,NA,NA
"96","RT @NazmultotolH: #bangladeshi wants @BegumZiaBd free but #AwamiLeague does not.We demand her unconditional release.
@BBCWorld @CNN @Reuter…",FALSE,0,NA,2018-03-01 18:58:52,FALSE,NA,"969285861757026304",NA,"<a href=""http://twitter.com/download/android"" rel=""nofollow"">Twitter for Android</a>","MonjuAlom1",6,TRUE,FALSE,NA,NA
"97","RT @b9eb4c474eb4419: She is an honourable  ex prime minister, 73 years old. Just for political vengeance, she is in jail.
Totally unfair, i…",FALSE,0,NA,2018-03-01 18:39:58,FALSE,NA,"969281105009442816",NA,"<a href=""http://twitter.com/download/android"" rel=""nofollow"">Twitter for Android</a>","MonjuAlom1",30,TRUE,FALSE,NA,NA
"98","RT @b9eb4c474eb4419: 3 times Prime Minister of Bangladesh #Khaledazia, 72 yrs old, is not given the facilities she deserves as a former PM…",FALSE,0,NA,2018-03-01 18:39:55,FALSE,NA,"969281091235434496",NA,"<a href=""http://twitter.com/download/android"" rel=""nofollow"">Twitter for Android</a>","MonjuAlom1",12,TRUE,FALSE,NA,NA
"99","RT @MMCmilon: ছবিটি 1990 সালের কিছু দিন আগে হবে।স্বৈরাচার এরশাদ সরকার বিরোধী আন্দোলনের শেষ সময় ছাত্রদলকে সরাসরি রাজপথে থেকে নেতৃত্ব দিচ্ছে…",FALSE,0,NA,2018-03-01 18:34:55,FALSE,NA,"969279834538102785",NA,"<a href=""http://twitter.com/download/android"" rel=""nofollow"">Twitter for Android</a>","MonjuAlom1",24,TRUE,FALSE,NA,NA
"100","RT @appelmahmud7: I am Appel, demand immediate release of BNP Chairperson and former PM DeshNetri Begum Khaleda Zia. @BegumZiaBd

#FreeKhal…",FALSE,0,NA,2018-03-01 17:05:29,FALSE,NA,"969257329056034816",NA,"<a href=""http://twitter.com/download/android"" rel=""nofollow"">Twitter for Android</a>","KawsarBilash",27,TRUE,FALSE,NA,NA
"101","RT @ARArman91176224: #Bangladesh wants @BegumZiaBd free but #AwamiLeague does not.We demand her unconditional release.
@BBCWorld @CNN @Reut…",FALSE,0,NA,2018-03-01 13:01:05,FALSE,NA,"969195820800094210",NA,"<a href=""http://twitter.com/download/android"" rel=""nofollow"">Twitter for Android</a>","FarhebaS",16,TRUE,FALSE,NA,NA
"102","মিথ্যা, রাজনৈতিক উদ্দেশ্যপ্রণোদিত মামলায় কারাগারে বন্দি দেশনেত্রী বেগম খালেদা জিয়ার নি:শর্ত মুক্তির দাবিতে সারা… https://t.co/1uXZbMGV4W",FALSE,7,NA,2018-03-01 12:39:58,TRUE,NA,"969190507854282752",NA,"<a href=""http://twitter.com/download/android"" rel=""nofollow"">Twitter for Android</a>","jafor_the_great",0,FALSE,FALSE,NA,NA
"103","RT @MJ_Riya: I am Riya, demand immediate release of BNP Chairperson and former PM DeshNetri Begum Khaleda Zia. (@BegumZiaBd) 

#FreeKhaleda…",FALSE,0,NA,2018-03-01 10:51:05,FALSE,NA,"969163108483727362",NA,"<a href=""http://twitter.com/download/android"" rel=""nofollow"">Twitter for Android</a>","shohel_ajib",30,TRUE,FALSE,NA,NA
"104","RT @ARArman91176224: #Bangladesh wants @BegumZiaBd free but #AwamiLeague does not.We demand her unconditional release.
@BBCWorld @CNN @Reut…",FALSE,0,NA,2018-03-01 09:28:46,FALSE,NA,"969142392379949056",NA,"<a href=""https://mobile.twitter.com"" rel=""nofollow"">Twitter Lite</a>","atiquerussell",16,TRUE,FALSE,NA,NA
"105","RT @SikderChk: Symbol of #Bangladesh except ruling and their alience. Innocent people are being arrested just because of opposition.
#FreeK…",FALSE,0,NA,2018-03-01 08:32:45,FALSE,NA,"969128294615404545",NA,"<a href=""http://twitter.com"" rel=""nofollow"">Twitter Web Client</a>","OF_Ronyamin",6,TRUE,FALSE,NA,NA
"106","RT @SikderChk: Symbol of #Bangladesh except ruling and their alience. Innocent people are being arrested just because of opposition.
#FreeK…",FALSE,0,NA,2018-03-01 07:38:37,FALSE,NA,"969114672245784576",NA,"<a href=""http://twitter.com/download/android"" rel=""nofollow"">Twitter for Android</a>","moniruj18455738",6,TRUE,FALSE,NA,NA
"107","RT @SikderChk: Symbol of #Bangladesh except ruling and their alience. Innocent people are being arrested just because of opposition.
#FreeK…",FALSE,0,NA,2018-03-01 06:36:46,FALSE,NA,"969099106776788992",NA,"<a href=""http://twitter.com/download/android"" rel=""nofollow"">Twitter for Android</a>","Mukhles85202393",6,TRUE,FALSE,NA,NA
"108","RT @SikderChk: Symbol of #Bangladesh except ruling and their alience. Innocent people are being arrested just because of opposition.
#FreeK…",FALSE,0,NA,2018-03-01 05:19:32,FALSE,NA,"969079670648946689",NA,"<a href=""http://twitter.com/download/android"" rel=""nofollow"">Twitter for Android</a>","haidersuman",6,TRUE,FALSE,NA,NA
"109","RT @Faraa012: @PinakiTweetsBD #FreeKhaledaZia #FreeKhaleda #KhaledaZiaBd @PinakiTweetsBD",FALSE,0,NA,2018-03-01 04:27:53,FALSE,NA,"969066671242530816",NA,"<a href=""http://twitter.com/download/android"" rel=""nofollow"">Twitter for Android</a>","bangakhalu",1,TRUE,FALSE,NA,NA
"110","RT @ARArman91176224: #Bangladesh wants @BegumZiaBd free but #AwamiLeague does not.We demand her unconditional release.
@BBCWorld @CNN @Reut…",FALSE,0,NA,2018-03-01 03:12:34,FALSE,NA,"969047716247384064",NA,"<a href=""http://twitter.com/download/android"" rel=""nofollow"">Twitter for Android</a>","haidersuman",16,TRUE,FALSE,NA,NA
"111","RT @SikderChk: Symbol of #Bangladesh except ruling and their alience. Innocent people are being arrested just because of opposition.
#FreeK…",FALSE,0,NA,2018-03-01 03:11:09,FALSE,NA,"969047361732337664",NA,"<a href=""http://twitter.com/download/android"" rel=""nofollow"">Twitter for Android</a>","mdmohiu74702855",6,TRUE,FALSE,NA,NA
"112","RT @MMCmilon: ছবিটি 1990 সালের কিছু দিন আগে হবে।স্বৈরাচার এরশাদ সরকার বিরোধী আন্দোলনের শেষ সময় ছাত্রদলকে সরাসরি রাজপথে থেকে নেতৃত্ব দিচ্ছে…",FALSE,0,NA,2018-03-01 01:21:08,FALSE,NA,"969019676196978688",NA,"<a href=""http://twitter.com/download/android"" rel=""nofollow"">Twitter for Android</a>","habib_raj_bd",24,TRUE,FALSE,NA,NA
"113","RT @jafor_the_great: I'm Jafor from Bangladesh. I demand immediate unconditional release of ex PM Khaleda Zia.
#FreeKhaleda
#FreeKhaledaZia…",FALSE,0,NA,2018-03-01 00:49:47,FALSE,NA,"969011783196295168",NA,"<a href=""http://twitter.com/download/android"" rel=""nofollow"">Twitter for Android</a>","ShahidHasanSho2",13,TRUE,FALSE,NA,NA
"114","RT @appelmahmud7: I am Appel, demand immediate release of BNP Chairperson and former PM DeshNetri Begum Khaleda Zia. @BegumZiaBd

#FreeKhal…",FALSE,0,NA,2018-03-01 00:49:44,FALSE,NA,"969011771712323584",NA,"<a href=""http://twitter.com/download/android"" rel=""nofollow"">Twitter for Android</a>","ShahidHasanSho2",27,TRUE,FALSE,NA,NA
"115","RT @suhelmisba: #FreeKhaledaZia
#FreeKhaleda
#FreeKhaleda_FreeBangladesh
#NoElectionWithoutKhaleda https://t.co/L2MQP5ao0f",FALSE,0,NA,2018-02-28 22:22:37,FALSE,NA,"968974748725149703",NA,"<a href=""http://twitter.com/download/android"" rel=""nofollow"">Twitter for Android</a>","lubek01",5,TRUE,FALSE,NA,NA
"116","RT @appelmahmud7: I am Appel, demand immediate release of BNP Chairperson and former PM DeshNetri Begum Khaleda Zia. @BegumZiaBd

#FreeKhal…",FALSE,0,NA,2018-02-28 20:58:52,FALSE,NA,"968953671034617856",NA,"<a href=""http://twitter.com/download/android"" rel=""nofollow"">Twitter for Android</a>","HaiBhuiyan",27,TRUE,FALSE,NA,NA
"117","RT @appelmahmud7: I am Appel, demand immediate release of BNP Chairperson and former PM DeshNetri Begum Khaleda Zia. @BegumZiaBd

#FreeKhal…",FALSE,0,NA,2018-02-28 20:35:51,FALSE,NA,"968947880584269826",NA,"<a href=""http://twitter.com/download/iphone"" rel=""nofollow"">Twitter for iPhone</a>","PatwaryHashem",27,TRUE,FALSE,NA,NA
"118","RT @jafor_the_great: I'm Jafor from Bangladesh. I demand immediate unconditional release of ex PM Khaleda Zia.
#FreeKhaleda
#FreeKhaledaZia…",FALSE,0,NA,2018-02-28 20:06:06,FALSE,NA,"968940392598130689",NA,"<a href=""http://twitter.com/download/android"" rel=""nofollow"">Twitter for Android</a>","MonjuAlom1",13,TRUE,FALSE,NA,NA
"119","RT @jafor_the_great: I'm Jafor from Bangladesh. I demand immediate unconditional release of ex PM Khaleda Zia.
#FreeKhaleda
#FreeKhaledaZia…",FALSE,0,NA,2018-02-28 20:05:55,FALSE,NA,"968940348255940608",NA,"<a href=""http://twitter.com/download/iphone"" rel=""nofollow"">Twitter for iPhone</a>","bdaffairs08",13,TRUE,FALSE,NA,NA
"120","RT @appelmahmud7: I am Appel, demand immediate release of BNP Chairperson and former PM DeshNetri Begum Khaleda Zia. @BegumZiaBd

#FreeKhal…",FALSE,0,NA,2018-02-28 20:05:52,FALSE,NA,"968940336486735874",NA,"<a href=""http://twitter.com/download/iphone"" rel=""nofollow"">Twitter for iPhone</a>","bdaffairs08",27,TRUE,FALSE,NA,NA
"121","RT @appelmahmud7: I am Appel, demand immediate release of BNP Chairperson and former PM DeshNetri Begum Khaleda Zia. @BegumZiaBd

#FreeKhal…",FALSE,0,NA,2018-02-28 19:58:23,FALSE,NA,"968938451759435782",NA,"<a href=""http://twitter.com/download/android"" rel=""nofollow"">Twitter for Android</a>","shamimabir04",27,TRUE,FALSE,NA,NA
"122","RT @appelmahmud7: I am Appel, demand immediate release of BNP Chairperson and former PM DeshNetri Begum Khaleda Zia. @BegumZiaBd

#FreeKhal…",FALSE,0,NA,2018-02-28 19:58:00,FALSE,NA,"968938352962449408",NA,"<a href=""http://twitter.com"" rel=""nofollow"">Twitter Web Client</a>","bnpbangladesh",27,TRUE,FALSE,NA,NA
"123","RT @jafor_the_great: I'm Jafor from Bangladesh. I demand immediate unconditional release of ex PM Khaleda Zia.
#FreeKhaleda
#FreeKhaledaZia…",FALSE,0,NA,2018-02-28 19:57:42,FALSE,NA,"968938280661090304",NA,"<a href=""http://twitter.com"" rel=""nofollow"">Twitter Web Client</a>","bnpbangladesh",13,TRUE,FALSE,NA,NA
"124","Symbol of #Bangladesh except ruling and their alience. Innocent people are being arrested just because of oppositio… https://t.co/44H67x5xS2",FALSE,8,NA,2018-02-28 12:53:53,TRUE,NA,"968831620798017537",NA,"<a href=""http://twitter.com/download/android"" rel=""nofollow"">Twitter for Android</a>","SikderChk",6,FALSE,FALSE,NA,NA
"125","RT @FirozMa59892988: #SOS_Bangladesh
The government set #KhaledaZia jail by fake instigation. they killed opposition leader and workers by…",FALSE,0,NA,2018-02-28 10:35:32,FALSE,NA,"968796806099353600",NA,"<a href=""http://twitter.com"" rel=""nofollow"">Twitter Web Client</a>","zahidul34519179",9,TRUE,FALSE,NA,NA
"126","#bangladeshi wants @BegumZiaBd free but #AwamiLeague does not.We demand her unconditional release.
@BBCWorld @CNN… https://t.co/unaAd184df",FALSE,12,NA,2018-02-28 10:14:04,TRUE,NA,"968791402875273216",NA,"<a href=""http://twitter.com/download/android"" rel=""nofollow"">Twitter for Android</a>","NazmultotolH",6,FALSE,FALSE,NA,NA
"127","RT @Abdullahramu: #Bangladesh wants @BegumZiaBd free but #AwamiLeague does not.We demand her unconditional release.
@BBCWorld @CNN @Reuters…",FALSE,0,NA,2018-02-28 10:07:53,FALSE,NA,"968789846482288640",NA,"<a href=""http://twitter.com/download/android"" rel=""nofollow"">Twitter for Android</a>","FarhebaS",26,TRUE,FALSE,NA,NA
